<?xml version="1.0" encoding="UTF-8"?>
<!DOCTYPE hibernate-configuration PUBLIC
		"-//Hibernate/Hibernate Configuration DTD 3.0//EN"
		"http://www.hibernate.org/dtd/hibernate-configuration-3.0.dtd">
<hibernate-configuration>
    <session-factory>
     <property name="hibernate.dialect">org.hibernate.dialect.MySQL8Dialect</property>
        <property name="hibernate.connection.driver_class">com.mysql.jdbc.Driver</property>
        <property name="hibernate.connection.url">jdbc:mysql://localhost:3307/cat</property>
        <property name="hibernate.connection.username">root</property>
        <property name="hibernate.connection.password"></property>
       
        <!-- Xóa - Tao lai tu day -->
       <!--   <property name="hibernate.hbm2ddl.auto">create-drop</property> -->
          <!-- Cập nhật những thông tin mới -->
    <property name="hibernate.hbm2ddl.auto">create-drop</property>
      <property name="hibernate.hbm2ddl.auto">update</property>
     <property name="show_sql">true</property>
     <!-- Mapping -->
     <mapping class="model.Cat"/>
    </session-factory>
</hibernate-configuration>
